<?xml version="1.0" encoding="UTF-8"?>
<project-private xmlns="http://www.netbeans.org/ns/project-private/1">
    <editor-bookmarks xmlns="http://www.netbeans.org/ns/editor-bookmarks/1"/>
    <editor-bookmarks xmlns="http://www.netbeans.org/ns/editor-bookmarks/2" lastBookmarkId="0"/>
    <open-files xmlns="http://www.netbeans.org/ns/projectui-open-files/2">
        <group>
            <file>file:/C:/Users/Naman%20Doshi/Documents/NetBeansProjects/Comp_inventory/src/NewJFrame3.java</file>
            <file>file:/C:/Users/Naman%20Doshi/Documents/NetBeansProjects/Comp_inventory/src/Inventory.java</file>
            <file>file:/C:/Users/Naman%20Doshi/Documents/NetBeansProjects/Comp_inventory/src/Search.java</file>
            <file>file:/C:/Users/Naman%20Doshi/Documents/NetBeansProjects/Comp_inventory/src/NewJFrame.java</file>
            <file>file:/C:/Users/Naman%20Doshi/Documents/NetBeansProjects/Comp_inventory/src/Display_Purchase.java</file>
        </group>
    </open-files>
</project-private>
